{"cameraMode":{"drawMode":0,"name":"Shaded","section":"Shading Mode"},"sceneLighting":true,"audioPlay":false,"sceneViewState":{"showFog":true,"showMaterialUpdate":false,"showSkybox":true,"showFlares":true,"showImageEffects":true,"showParticleSystems":true},"in2DMode":false,"pivot":{"x":1.194295883178711,"y":-2.2966160774230959,"z":11.649603843688965},"rotation":{"x":-0.3346027731895447,"y":0.3498899042606354,"z":-0.13543158769607545,"w":-0.8644523024559021},"size":10.0,"orthographic":false}