{"cameraMode":{"drawMode":0,"name":"Shaded","section":"Shading Mode"},"sceneLighting":false,"audioPlay":false,"sceneViewState":{"showFog":true,"showMaterialUpdate":false,"showSkybox":false,"showFlares":true,"showImageEffects":true,"showParticleSystems":true},"in2DMode":false,"pivot":{"x":-1217.817626953125,"y":3735.74609375,"z":-8143.7734375},"rotation":{"x":0.015452633611857891,"y":0.9745820164680481,"z":0.21200622618198396,"w":-0.07149115949869156},"size":9707.2373046875,"orthographic":false}