{"cameraMode":{"drawMode":0,"name":"Shaded","section":"Shading Mode"},"sceneLighting":false,"audioPlay":false,"sceneViewState":{"showFog":true,"showMaterialUpdate":false,"showSkybox":false,"showFlares":true,"showImageEffects":true,"showParticleSystems":true},"in2DMode":false,"pivot":{"x":-0.18613722920417787,"y":0.06213512271642685,"z":0.009490255266427994},"rotation":{"x":-0.0738242045044899,"y":-0.7345609664916992,"z":0.08099333196878433,"w":-0.6696558594703674},"size":0.35348421335220339,"orthographic":false}