{"cameraMode":{"drawMode":0,"name":"Shaded","section":"Shading Mode"},"sceneLighting":false,"audioPlay":false,"sceneViewState":{"showFog":true,"showMaterialUpdate":false,"showSkybox":false,"showFlares":true,"showImageEffects":true,"showParticleSystems":true},"in2DMode":false,"pivot":{"x":16.969377517700197,"y":4.529078960418701,"z":12.598553657531739},"rotation":{"x":0.04810500144958496,"y":-0.8477431535720825,"z":0.07804649323225022,"w":0.5224319100379944},"size":19.324777603149415,"orthographic":false}