{"cameraMode":{"drawMode":0,"name":"Shaded","section":"Shading Mode"},"sceneLighting":false,"audioPlay":false,"sceneViewState":{"showFog":true,"showMaterialUpdate":false,"showSkybox":false,"showFlares":true,"showImageEffects":true,"showParticleSystems":true},"in2DMode":false,"pivot":{"x":-0.5608035326004028,"y":-0.27323758602142336,"z":0.2982082962989807},"rotation":{"x":-0.8096453547477722,"y":-0.17485104501247407,"z":-0.4728109538555145,"w":0.3010178208351135},"size":0.3106797933578491,"orthographic":false}