{"cameraMode":{"drawMode":0,"name":"Shaded","section":"Shading Mode"},"sceneLighting":false,"audioPlay":false,"sceneViewState":{"showFog":true,"showMaterialUpdate":false,"showSkybox":false,"showFlares":true,"showImageEffects":true,"showParticleSystems":true},"in2DMode":false,"pivot":{"x":445.6397399902344,"y":489.9808654785156,"z":-80.58540344238281},"rotation":{"x":-0.021343300119042398,"y":0.9637138843536377,"z":0.08082684874534607,"w":0.25371822714805605},"size":2151.35791015625,"orthographic":false}