{"cameraMode":{"drawMode":0,"name":"Shaded","section":"Shading Mode"},"sceneLighting":true,"audioPlay":false,"sceneViewState":{"showFog":true,"showMaterialUpdate":false,"showSkybox":true,"showFlares":true,"showImageEffects":true,"showParticleSystems":true},"in2DMode":false,"pivot":{"x":125.28739929199219,"y":-10.065098762512207,"z":83.06159973144531},"rotation":{"x":0.09920860081911087,"y":0.8345805406570435,"z":-0.15991093218326569,"w":0.5177946090698242},"size":38.65589904785156,"orthographic":false}